is_installment,users,avg_submissions
False,44,0.9137931034482759
True,99,1.084033613445378
